<?xml version="1.0" encoding="UTF-8"?>

<!DOCTYPE hibernate-mapping PUBLIC "-//Hibernate/Hibernate Mapping DTD 3.0//EN"
"http://www.hibernate.org/dtd/hibernate-mapping-3.0.dtd">
<hibernate-mapping package="domain">

	<class name="Product" table="products">
		<id name="id" column="ID">
			<generator class="native">
			</generator>
		</id>
		<property name="prodName" column="prod_name"></property><!-- the class property will be added as sql column in db -->
		<property name="prodPrice" column="prod_price"></property>
	</class>

</hibernate-mapping>